body,title
" 0 % PULSO SOCIAL0 Todos conocen a Mayim Bialik gracias a su personaje de Amy Farrah Fowler en la serie de televisión The Big Bang Theory (La Teoría del Big Bang), pero pocos saben que al igual que su personaje, la actriz también es neurocientífica y que no ha sido nada fácil para ella combinar sus dos pasiones.
",
"
Alta tensión entre la Liga MX y los equipos finalistas del Apertura 2019. El tradicional día de medios que se debe celebrar un día antes de la final de lda es el gran problema y lo que ha generado tensión entre todos.

Puedes leer: ""Rayados sufre por el cambio de horario de estar en Qatar""

América y Monterrey quieren que se realice tal y como marca el reglamento, es decir un día antes del partido de ida, lo que caería en 25 de diciembre, en plena navidad.
Los ejecutivos de la liga, que no supieron hacer el calendario, quieren que sea después de la Ida, claro para poder disfrutar de la navidad, pero los equipos dicen que no. Ellos quieren cumplir con el compromiso sin resultado de por medio, porque ya sería muy incómodo que hablen los entrenadores, jugadores cuando ya se tiene media final jugada.
 




 
",
"
La dirigente nacional de Morena, Yeidckol Polevnsky, formalizó hoy ante el Instituto Nacional Electoral (INE) su petición de “renunciar” al 75% de su financiamiento de 2020, pues el de este 2019 lo ha recibido íntegro.
Polevnsky entregó hoy al consejero presidente del INE, Lorenzo Córdova, un escrito para notificar que en ese partido “hemos decidido renunciar al 75% del financiamiento público de operación ordinaria a que tiene derecho durante el ejercicio de 2020, que equivale a mil 240 millones 458, mil pesos ya que la enorme cantidad de recursos que legalmente le corresponden a Morena resultante de dicho cálculo, no guarda congruencia con nuestros principios y las políticas de austeridad”.
El Congreso Nacional de Morena realizado en noviembre de 2018 acordó que en este 2019 renunciaría al 50% de su financiamiento público, mil 567 millones de pesos, sin embargo ese partido incumplió esa orden y ha recibido todos los recursos a que tiene derecho.
La propuesta de Polevnsky se hizo hoy, en vísperas de que la Cámara de Diputados someta a votación el jueves, en su última sesión del periodo ordinario, el dictamen de reforma constitucional para la reducción del 50 % del financiamiento de los partidos políticos, mismo que tras su eventual aprobación en el Senado tendría que ser avalado por los congresos de 17 entidades para que entrara en vigor.
También lee: ¿Quién gana y quién pierde en el Presupuesto 2020?
Para que prosperara esa enmienda se requiere el voto de dos terceras partes de los diputados, pero sólo Morena y PES están de acuerdo, el PT rechaza la propuesta y el PVEM propone que sólo se reduzca el 20 % de los recursos de los partidos.
EL UNIVERSAL documentó en julio pasado que Morena incumplió el acuerdo del Congreso Nacional para renunciar al 50 % de su financiamiento de 2019, y en agosto, en entrevista, Polevnksy reconoció que los “ahorros” del partido serían destinados para comprarse un inmueble.
Morena firmó hoy con el INE Un convenio para usar la aplicación móvil del INE para su proceso de reafiliación al partido, mismo que deberá concluir en enero.
MAOT
",
"
“La tolerancia hacia un grupo vulnerable sí puede cambiar cuando se apoderan del arte, la historia y los espacios públicos”, así defendió el diputado de San Luis Potosí, Pedro César Carrizales Becerra “El Mijis”, la obra de Fabián Cháirez, donde se aprecia a Zapata feminizado.
Tras señalar que “la historia y el movimiento Zapatista no cambiarán su esencia por una imagen”, el diputado potosino compartió una imagen donde la pintura del artista chiapaneco fue alterada y en lugar del rostro de Zapata se ve la cara del “Mijis”.


Jajaja chale banda, son bien cábulas, pero la neta se rifaron.
 Bien dicen que “El que se agüita, pierde”. Por eso la tolerancia y la diversidad van primero. pic.twitter.com/4fr5w0l2ri
 — El MIJIS (@mijisoficial) December 11, 2019

“Bien dicen que “El que se agüita, pierde”. Por eso la tolerancia y la diversidad van primero”, agregó el legislador.


La obra de Cháirez ha causado polémica y protestas en Bellas Artes en la Ciudad de México, donde se lleva a cabo la exposición “Emiliano. Zapata después de Zapata”, pues en la obra “La Revolución” se muestra al líder revolucionario desnudo, con un sombrero rosa, con tacones y montado sobre un caballo con una erección. 
",
"

Seis de cada diez muertos en la guerra de Calderón tuvieron como responsable al Cártel de Sinaloa.

La fuente es Alejandro Poiré, último secretario de Gobernación de ese presidente.

Esto querría decir que el 40% restante de las víctimas estarían repartidas entre las demás empresas criminales vigentes entre 2007 y 2012: La Familia Michoacana, Los Zetas, el Golfo, los Beltrán Leyva, los Valencia, los Matazetas o el posterior Cártel Jalisco Nueva Generación (CJNG).

¿Por qué si el grado de letalidad del Cártel de Sinaloa era en esos años significativamente superior al de sus adversarios, el gobierno encabezado por Felipe Calderón decidió combatir de manera prioritaria a los competidores de tal empresa criminal?

El juicio que comenzó esta semana en la ciudad de Nueva York en contra de Genaro García Luna, exsecretario de Seguridad Pública, podría ofrecer respuesta: gracias a este sujeto el Cártel de Sinaloa habría recibido protección desde los escalones más elevados del gobierno federal.

La acusación enderezada por el fiscal de Nueva York, Richard P. Donoghue señalaría a García Luna como cómplice y conspirador de la mafia.

Esto querría decir que los recursos, la inteligencia y el poder —concentrados entonces en la Secretaría de Seguridad Pública (SSP)— habrían sido utilizados para beneficiar al Cártel de Sinaloa en su guerra para arrebatar territorios, mercados y negocios a las empresas enemigas.

De confirmarse las acusaciones de Donoghue, durante el gobierno de Calderón, la SSP habría sido usada por los sinaloenses como pistola para eliminar a sus competidores.

El caso más extremo de este comportamiento habría ocurrido cuando dicha organización se fraccionó dando lugar al Cártel de los hermanos Beltrán Leyva.

Ese divorcio hizo que el gobierno calderonista optara por perseguir de manera encarnizada, a los líderes de la disidencia. Fue justo este pleito el que elevó la tasa de homicidios en el país, entre 2008 y 2009. De la acusación presentada por Donoghue puede desprenderse que García Luna habría sido, en parte, responsable de este preciso episodio.

El exfuncionario puso a disposición de Sinaloa la acción violenta del Estado para castigar la sedición de los Beltrán.

Las consecuencias del proceso recién iniciado en Nueva York son todavía difíciles de calcular. Pero, en cualquier escenario, García Luna terminará como un personaje nefasto de la ignominiosa historia de la violencia mexicana.

Su comportamiento traicionero y arbitrario encontrará probablemente castigo en los tribunales estadounidenses, sin embargo, la condena final ocurrirá en los libros de la memoria: el haber de García Luna tendría demasiados muertos, desaparecidos, descabezados, torturados, acribillados.

ZOOM:

Si Genaro García fue la pistola con que disparó el Cártel de Sinaloa, ¿qué papel jugó entonces Felipe Calderón Hinojosa? ¿Ingenuo? ¿Cómplice? ¿Tapadera?

Haiga sido como haiga sido ese hombre también es culpable de tanta mortandad.

 
www.ricardoraphael.com
@ricardomraphael
",
" 0 % PULSO SOCIAL0 Aunque aún siga siendo un tabú, la pornografía sigue siendo uno de los temas más buscados en Internet. Para muestra, las estadísticas del sitio Pornhub, que revelan cuáles fueron las estrellas porno más buscadas en 2019, así como otros detalles de nuestro comportamiento en la intimidad XXX.
En este año, Pornhub registró 42 mil millones de visitas, con un promedio de 115 millones de visitas al día. Esta cifra equivale a la población conjunta de Canadá, Australia, Polonia y los Países Bajos.
Durante 2019, se hicieron 39 mil millones de búsquedas, 8.7 mil millones más que el año pasado. Este año también se rompió el récord de contenido subido, ya que se registraron 6.83 millones nuevos videos en la plataforma.
",
"

Tehuantepec.— El centello de cirios y veladoras coincide con el abrir y cerrar de los humedecidos ojos de los integrantes de la familia de Osmara, cuya fotografía, envuelta en un huipil tejido de tulipanes rojos, forma parte de la inmortalidad, al lado de la Virgen de Guadalupe.

Ambas imágenes están colocadas en una pequeña mesa cubierta con mantel blanco (Lari Bidoo), como lo dicta la tradición zapoteca, y resguardada por cuatro cirios y una cruz de flores que prácticamente cubre el piso de la pequeña sala donde desde el lunes se realizan rezos por una vida arrancada.

En el barrio Lieza, entre caminos pedregosos y pequeñas viviendas que aún siguen en construcción, la familia de Osmara, asesinada el primer día del último mes del año, vive el luto con temor porque, aseguran, han recibido amenazas de muerte si testifican en contra de Alfonso, la pareja de la joven, el hombre que le disparó a la cabeza y la dejó tendida a media calle, entre ladridos de perros y la indignación de los vecinos.

La familia de Osmara, de origen chontal, llora, está indignada, pero también temerosa. “Sólo queremos justicia”, dice una de las mujeres a EL UNIVERSAL.
 Puedes leer: Viviana no pudo ir a ver al Alemán al Zócalo, su novio la mató
 

“No queremos venganza, pedimos justicia y tenemos miedo porque andan diciendo que van a darles dinero a las autoridades para que suelten al asesino”, denuncian con angustia.

Hasta agosto de 2019, 12 meses después de que se decretó la Alerta por Violencia de Género en cinco municipios del Istmo, incluido Tehuantepec, otras 30 mujeres fueron asesinadas en la región, la mayoría del pueblo zapoteca, según la asociación Consorcio.

Vida de violencia

Osmara no terminó la secundaria. Apenas cursaba el segundo grado cuando fue raptada “con fines matrimoniales” por Alfonso. Ese 31 de diciembre de 2014, ella tenía 14 años, a unos días de cumplir 15. Por ser menor de edad, el matrimonio nunca llegó, “su familia no estuvo de acuerdo y no se casó”.
 Te puede interesar: Lucía fue estrangulada; su esposo, con orden de aprehensión, lleva 8 meses libre
 

Cinco años después, Osmara cumpliría 20 años el próximo 15 de enero, pero no lo hará porque Alfonso decidió pegarle un tiro. Ahora sólo vive en una foto en la mesa de imágenes religiosas, en el mismo sitio donde su familia levantará la cruz de flores para llevarla al panteón de Dolores.

“Nunca estuvimos de acuerdo que se casara o viviera con él. Ella llegaba aquí a visitarnos, traía golpes en la cara y el cuerpo, pero siempre decía que se pegaba con la puerta, con la ventana, o que tropezaba y se lastimaba”, relatan.

Alfonso fue detenido el mismo 1 de diciembre. Estaba en su domicilio de Santo Domingo Tehuantepec, con lesiones en el cuello como si hubiera querido colgarse.
 Lee también: Asesinan a Yucenia Jaquelín después de comprometerse con su novio
 

Fue vinculado por feminicidio agravado y en 10 meses un juez le dictará sentencia. Mientras, estará en el Centro de Readaptación Social de Tehuantepec.

La familia de Osmara llora y siente miedo de las amenazas. Y sobre todo, de que la justicia para Osmara no llegue, por ser pobre y por ser indígena.
",
"



    googletag.cmd.push(function() {
      googletag.display(""dfp-ad-top3_content"");
    });
  


Por ley, el último día para pagar el aguinaldo es el 20 de diciembre en el caso de los trabajadores de la iniciativa privada.
Para los burócratas o empleados del sector público, el aguinaldo se realiza en dos pagos: 50 por ciento antes del 15 de diciembre y el otro 50 por ciento a más tardar el 15 de enero.
El aguinaldo en sus inicios fue una gratificación o regalo que los patrones otorgaban voluntariamente a los trabajadores con motivo de las fiestas decembrinas.
En 1970 se incluyó el pago de esta prestación en la Ley Federal del Trabajo, y desde entonces el aguinaldo se convirtió en un derecho irrenunciable del trabajador.
¿A quién le dan aguinaldo?
A los trabajadores de base, de confianza, de planta, sindicalizados, contratados por obra o tiempo determinado, eventuales, comisionistas, agentes de comercio, de seguros, vendedores y otros semejantes. El aguinaldo aplica para todas las personas que prestan sus servicios de manera subordinada a un patrón cuya relación de trabajo se rija por la Ley Federal del Trabajo.
¿Por ley cuánto es de aguinaldo? 
El aguinaldo en México para los trabajadores en el sector privado es de mínimo 15 días de salario. En el caso de los empleados del sector público, el aguinaldo es de 40 días.
Los empleados que por cualquier motivo no trabajen el año completo, tienen derecho al pago de la parte proporcional del aguinaldo, conforme al tiempo efectivamente trabajado.
En este último caso, el pago proporcional de aguinaldo se realiza junto con el de la liquidación o finiquito.
¿Hay un monto mínimo de aguinaldo?
Por ley, el pago debe ser de al menos 15 días por año laborado; en el caso de los empleados que no trabajaron el año completo, se les pagará la parte proporcional.
¿Los trabajadores eventuales tienen derecho a aguinaldo?
Sí, la Ley Federal del Trabajo no hace distinción o señala excepciones que los excluya del pago.
¿Los trabajadores que están contratados por honorarios reciben aguinaldo?
No.
¿El aguinaldo genera impuestos?
Sí, salvo en los casos en los que la gratificación sea inferior al monto equivalente a 30 días de Unidades de Medida y Actualización (UMA).
¿Qué pasa si no me pagan el aguinaldo a tiempo?
Puedes acudir a la Procuraduría Federal de la Defensa del Trabajo (Profedet) y solicitar asesoría en su sitio web, vía telefónica o correo electrónico.
Teléfonos: 01 800 71 72 942; 01 800 91 17 877 y 59 98 20 00.
orientacionprofedet@stps.gob.mx
MÁS INFORMACIÓN SOBRE EL AGUINALDO:


Jóvenes Construyendo el Futuro no dará aguinaldo en UN1ÓN Guanajuato 


¿Cómo se calcula el finiquito 2019? en UN1ÓN CDMX


Cuántos días de vacaciones me corresponden por ley en UN1ÓN Edomex


 
",
"

Mi nada estimada Morenota: No tienes idea cómo estoy odiando las redes sociales. ¡No sabes! Ni tampoco sabes cómo me odio por haber caído en las trampas con estas famosas páginas web.

Y para que mis lectores sepan por qué estoy de pésimo humor, les platicaré lo que nos pasó. Para variar y como muchos de ustedes hacen, estaba en la holgazanería viajando por la red. Todo iba muy bien. Mi café, galletitas y buena música. De repente sin querer queriendo, caigo en una de esas famosas páginas para conocer mujeres y salir con ellas. ¿Y cuál fue mi sorpresota? ¡Me encontré una foto con un mujerón de unos 32 años, morena, con unos senos que te desmayas, pelo suelto y largo, sin maquillaje y con la sonrisa del millón de dólares! Me dije a mí mismo: ¡“Charlie Brown, a esta morenaza la tienes que conocer”! Así que sin importarme nada, nos empezamos a escribir.

Me platica que nació en Tabasco, que estudió Leyes en la UNAM, que trabajaba en un buffet internacional de abogados, soltera, que le encanta viajar en Business Class, quedarse en los mejores hoteles, le encanta el cine y el teatro y que odiaba la política. Que vio Nosotros los Nobles, Mentada de Padre, Club de Cuervos ¡¡y que le encantó!!

Obviamente que a este encanto de mujer, la invité a tomar un café. Aceptó y quedamos de vernos en Polanco a las 5 de la tarde. Y aunque le pregunté varias veces su nombre, me pidió que nada más le dijera Morena. Que Morenita le sonaba un poco cursi. Y finalmente, llegó el día.

Me dijo que iba llevar una rosa en la mano para que la reconociera. Que ella me conocía y que iba a llegar directamente a mi mesa. Yo, muy emocionado, la esperé desde las 4:45 sentado en mi mesa. Y aunque estaba clavado con mi whats, cada minuto y medio volteaba a buscarla. 5 de la tarde en punto y…. ¡Morena llegó!

¡Madre mía! ¡Válgame Dios! ¿Qué creen que pasó? ¡¡¡Que Morena no era la de la foto!!! Morena resultó ser una gorda de unos 108 kilos, con pantalones de mezclilla, una blusa con un escote del tamaño de la Muralla China, sobremaquillada y con su pelo pintado de ¡azul y naranja! ¡Les juro que era un verdadero monstruo!

Ni hablar, me dije. “Pídete un café, mi Charlie, y sales corriendo”. ¿Y qué creen que pasó? ¡¡Que Morena pidió: una malteada de vainilla y una hamburguesa con doble carne y doble queso!!

Ni hablar, me puse a platicar. Le pregunté: “¿por qué la foto fake?”. Me contestó que no era fake. Y me soltó una serie de mentiras y excusas. Le pregunté si realmente era abogada. Me volvió a mentir. Que era secretaria en una tintorería muy famosa en la Colonia Roma.

Le pregunté por cuál partido votó y me dijo que Morena. Y le pregunté: “¿por qué por Morena?” Por que así se llamaba. Y mientras masticaba su hamburguesa, pidió un helado. Le pregunté por qué no me había dado su nombre y me contestó que se lo cambió y que le da pena.

Me platicó de sus hermanos Mario, Ricardo y Rosario. Que siempre se han peleado y que eran muy ambiciosos. Pero que gracias a los abrazos de su mamá, eran ¡¡¡felices felices felices!!!

Que la más simpática de su familia era por mucho su primita Claudita. Así, siguió mintiendo y mintiendo contando historias de ciencia ficción, hasta que por fin llegó la cuenta.

Me juré nunca volver a meterme a esa página.

P.D. Sra. Sheinbaum: La semana pasada, mandó a toda su fuerza policiaca para atender el caso de una señora de 27 años que se fue toda la noche de juerga con sus amiguitos. En 32 semanas, no ha hecho nada para aclarar el asesinato de mi colaboradora Ely Gutiérrez. ¡32 semanas! ¡Vaya INEPTITUD!
 

[email protected]
",
"
La granada puede ayudar a mejorar la erección masculina, según señala el estudio “Eficacia y seguridad del jugo de granada en la mejora de la disfunción eréctil en pacientes masculinos con disfunción eréctil leve a moderada”.

De acuerdo con la investigación, después de dividir a los participantes, y dar placebo a un grupo y jugo de granada a otro, los hombres que tomaron el jugo tuvieron menos problemas para lograr una erección que quienes no lo tomaron. 

Por otro lado, otro estudio realizado por la Facultad de Medicina Veterinaria de la Universidad de Firat en Turquía, encontró que la granda no sólo mejora la erección masculina sino que tiene efectos positivos sobre el esperma. 

Según señala la investigación, la cual fue realizada en ratas, tras administrar agua destilada con concentraciones de extracto de jugo de granada las ratas mostraron un incremento de la concentración y calidad de su esperma, además de mejorar la movilidad de los espermatozoides.

Para poder demostrar este beneficio antes de administrar el extracto de granada se realizó una medición “de los pesos corporales, de los órganos reproductores, de la densidad celular espermatogénica, de las características de los espermatozoides, de los niveles de vitaminas antioxidantes, de los niveles de  testosterona y de las actividades de las enzimas antioxidantes”. 

El efecto fue asociado a un incremento en los niveles de antioxidantes en el organismo de los roedores. De acuerdo con los científicos, la granada aporta una gran cantidad de antioxidantes y estos pueden tener un efecto positivo en la salud reproductiva.  

Además de esta propiedad a la granada se le atribuyen muchos otros beneficios, entre los que se encuentran protección a la salud cardiovascular, prevenir la aparición de la diabetes, brindar un efecto antimicrobiano, prevenir el fotoenvejecimiento, entre muchos otros. 

Estas propiedades de le atribuyen a la gran cantidad y variedad de los antioxidantes presentes en la granada los cuales son muy superiores a los de muchos de los alimentos 


 
",
"

En el Congreso de Sinaloa, nos platican, estalló un escándalo con la divulgación de un video, donde el diputado local Pedro Villegas Lobo (Morena) aparece presuntamente sosteniendo relaciones sexuales en su cubículo. El tema, nos dicen, es que existe una grabación más, donde una joven habla sobre insinuaciones que dicho legislador le hizo al visitarlo. Tras ello, nos comentan, el diputado salió al paso diciendo que los videos son un montaje y forman parte de una campaña en su contra, además de que también ha recibido amenazas, por su postura de que se debe reformar la Ley Orgánica de la Universidad Autónoma de Sinaloa. Entre que son peras o manzanas, nos dicen, ahora a Villegas Lobo ya le piden usar el Congreso para legislar y no para su vida íntima. ¡Qué tal!

Piden prestado para aguinaldos, pero arman reventón

Desde Veracruz, nos cuentan que el secretario de Finanzas y Planeación del gobierno estatal, José Luis Lima Franco, organizó una megacena de fin de año con todos los empleados de su dependencia, en el Velódromo de Xalapa. La celebración, según nos dicen, se volvió punto de crítica, sobre todo para sus detractores, pues el convite se hizo en medio de una crisis financiera que obligó al gobierno estatal a solicitar un préstamo de 2 mil 500 millones de pesos para pago de aguinaldos, eso sin contar que la administración para la que trabaja se ha proclamado a favor de la austeridad, por lo que acusaron a don José Luis de ver la tempestad y no hincarse. Como datos curiosos, nos platican que en la fiesta, que se llevó a cabo ayer, hubo rifas y hasta cinco grupos musicales, incluido uno que intencionalmente o no se llama Paraíso Fiscal, que hasta canciones sobre huachicol interpretó. ¡Feliz Navidad, señor secretario!

¡Ay, Jesús! Fuga de limosnas en la diócesis

En Morelos, nos comparten, el obispo de Cuernavaca, Ramón Castro Castro, decidió retomar la grilla política, como lo hizo en el mandato de Graco Ramírez (PRD). Don Ramón, según nos dicen, ofrece declaraciones a los medios para emplazar al actual gobierno estatal a rediseñar su estrategia de seguridad, pues la actividad delictiva desalentó hasta a los católicos y son pocos los que se animan a ir a misa por la noche, por lo que ahora celebra más temprano. No obstante, nos confían, en corrillos políticos se habla de que la preocupación del jerarca va más allá, pues detrás de las misas con pocos asistentes hay una suma de dinero en limosnas que también cayó súbitamente. Porque a Dios, lo que es de Dios, nos mencionan.

De Grinch a Santa Claus

Nos dicen que luego de que el alcalde de Monterrey, Adrián de la Garza Santos (PRI), se puso en el papel de Grinch, al promover un incremento de 18% al impuesto predial para 2020, de última hora se echó para atrás y prefirió quedar como Santa Claus, anunciando que la medida no va y además ofreciendo descuentos a quienes tengan rezagos en el pago de sus impuestos. Tras ello, nos confían que quienes saben cómo andan las aguas de la política en Nuevo León salieron a señalar que don Adrián prefirió llevársela calmado, pues es uno de los priistas que suenan fuerte para quedarse con la candidatura tricolor al gobierno estatal en 2021. Dice el dicho, el interés tiene pies.
",
"Querétaro es el quinto estado con mayor cumplimiento en el reporte de su contabilidad gubernamental, dio a conocer el Instituto Mexicano para la Competitividad (Imco).
De acuerdo con los resultados del Índice de Información del Ejercicio del Gasto (IIEG 2019), el organismo señala en su reporte anual que ninguna entidad federativa cumple al 100% la Ley General de Contabilidad Gubernamental.
Este estudio permite monitorear y comparar el gasto de todas las entidades federativas mediante la adopción de un “lenguaje único” en la información financiera.
El IIEG mide el reporte de la información financiera de los 32 gobiernos estatales.
Los cinco estados con mayor cumplimiento en el reporte de su contabilidad gubernamental son Puebla (96%), Sonora (94%) y Campeche (91%), Hidalgo (83%) y Querétaro (82%).
Los de menor cumplimiento son: Ciudad de México (35%), Michoacán (37%), Jalisco (56%), Durango (56%), Tlaxcala (56%) y Baja California (57%).
Falta armonizar información. La contabilidad gubernamental tiene como propósito que el 100% de la información financiera sea comparable. Sin embargo, sólo el 54% de la información financiera de las entidades federativas está armonizada.
El Imco subraya que reportar bien no significa gastar bien.
El reporte señala que todos los estados violan la Ley General de Contabilidad Gubernamental al no publicar su información financiera de forma homologada.
Además los gobiernos estatales incumplen los plazos para publicar su información financiera. No existen controles de calidad de la información financiera reportada para transparentar el ejercicio del gasto a nivel estatal.
La evidencia apunta a que, en los estados, la simulación contable se utiliza como un engaño en el reporte de información financiera. Esta práctica permite gastar sin rendir cuentas a los ciudadanos.
",
"
Toluca.- La Fiscalía General de Justicia del Estado de México (FGJEM) cumplimentó una orden de aprehensión en contra de Edgar Rafael “N”, de 47 años de edad, quien es investigado por el feminicidio de su pareja sentimental, la maestra de danza de la UAEMex, Sonia Pérez Rodea y fue ingresado al penal de Almoloya de Juárez.
El cuerpo de la docente fue hallado en las instalaciones del Teatro Los Jaguares, de la Universidad Autónoma del Estado de México (UAEMex), en la capital mexiquense.
Este individuo fue ingresado al Centro Penitenciario y de Reinserción Social de Santiaguito, en cumplimento de una orden de aprehensión que fue girada en su contra por el delito de feminicidio y será la Autoridad Judicial quien determine su situación legal.
El martes 10 de diciembre elementos de la FGJEM acudieron a las instalaciones del Teatro Universitario, localizado en la calle Valentín Gómez Farías, para llevar a cabo las diligencias del levantamiento del cuerpo de la víctima, la cual fue localizada en los baños de la zona de camerinos.
Lea también: Asfixiaron a profesora de danza de la UAEMéx
La mujer, de 42 años de edad, se desempeñaba como profesora de danza y de las investigaciones hechas por la Fiscalía se pudo establecer que al parecer acudió la noche del lunes a dichas instalaciones, donde se llevaría a cabo una obra teatral, sin embargo el cuerpo fue localizado la mañana del martes.
En el lugar, personal de la FGJEM llevó a cabo diversas diligencias para esclarecer este feminicidio.
Con los datos de prueba recabados, el Representante Social solicitó a un Juez librar una orden de aprehensión en contra de Edgar Rafael “N”, por el delito de feminicidio, la cual fue otorgada y cumplimentada por Policías de Investigación de esta Fiscalía General.
Lea también: Cámaras captaron a exesposo de profesora de danza asesinada saliendo del teatro

 
",
"
Nuestro país cuenta con muchas ciudades y municipios, cada uno de ellos tiene su encanto que conquista a más de uno, no por nada hay Pueblos Mágicos que enamoran a quienes los visitan.
Sin embargo, hay una ciudad que es considerada la mejor para vivir en México. La edición 2019 de Ciudades más habitables, una encuesta del Gabinete de Comunicación Estratégica hizo un análisis de la calidad de vida de los habitantes de 76 ciudades y municipios del país así como alcaldías de la CDMX para determinar cuál es la mejor para habitar.
Para poder determinar la mejor ciudad para vivir en México se tomaron en cuenta varios aspectos como la cohesión social, autoridades locales, servicios municipales, calidad de vida, entre otros. El Gabinete de Comunicación Estratégica realizó 400 entrevistas telefónicas de junio a septiembre de este año en los 76 municipios para así elegir a la mejor ciudad.
Leer también: Disfruta de Luztopía 2019, el festival de luces navideñas
 



 


 

 



 




Ver esta publicación en Instagram


 



 

 

 



 

 



 

 

 



#BuenosDíasSanPedro hoy nos espera una tarde muy soleada, no olvides hidratarte muy bien. #FelizMartes

Una publicación compartida por  San Pedro Garza García (@sanpedronl) el 9 de Abr de 2019 a las 5:46 PDT



Los resultados arrojaron que San Pedro Garza García, uno de los municipios del estado de Nuevo León es considerada la mejor ciudad para vivir en México. Con un puntaje de 61.69, esta ciudad se hizo acreedora al título de ser la mejor de todo el país por segundo año consecutivo.
En segundo lugar quedó Colima con 59.62 puntos y en tercer lugar Mérida con 59.56. En cuarto lugar quedó otro municipio Nuevo León: San Nicolás de los Garza, estos dos municipios del norte del país se encuentran a una distancia aproximada de media hora.
También hay que destacar que en la encuesta el quinto lugar como uno de los mejores lugares para vivir lo ocupa Saltillo con una puntuación de 58.05. Sin embargo, la encuesta de Ciudades más habitables 2019 dejó en los últimos cinco lugares a Puebla, Victoria, Othón P. Blanco de Chetumal, Tehuacán perteneciente al estado de Puebla y el municipio de Ecatepec se colocó en el último lugar.
 



 


 

 



 




Ver esta publicación en Instagram


 



 

 

 



 

 



 

 

 



#BuenosDíasSanPedro El día de hoy se pronostica una máxima de 26 grados centígrados, #felizmiércoles

Una publicación compartida por  San Pedro Garza García (@sanpedronl) el 3 de Abr de 2019 a las 6:54 PDT



En cuanto a las 16 alcaldías de la CDMX, la que es considerada la mejor para vivir es Venustiano Carranza ocupando el lugar número 16 del rankin, seguida de Benito Juárez en el lugar 23, Iztapalapa en el 28, Cuajimalpa en el 31, Miguel Hidalgo ocupando el 34 y Azcapotzalco en el 36.
 
",
"
Un Juez de Control del Tribunal Superior de Justicia vinculó a proceso a Enrique Takahashi Villanueva ex funcionario de la administración pasada, por el delito de por el delito de ejercicio ilegal de atribuciones y facultades, por lo que impuso la prisión preventiva justificada al interior del Reclusorio Norte.
Durante la audiencia inicial, la cual fue privada, la defensa legal del imputado solicitó al juzgador definir su situación legal por lo que fue vinculado a proceso y se decretó un mes para el cierre de investigación complementaria.
El juzgador decretó de carácter privado la audiencia inicial contra el ex funcionario de la administración pasada, Enrique Takahashi Villanueva, quien fue aprehendido la noche del jueves por elementos de la Policía de Investigación.
El Ministerio Publicó de la procuraduría capitalina, Mario “N” solicitó al Juez de Control Joel de Jesús Garduño Villegas que el carácter de la audiencia fuera privada toda vez que existen varias órdenes de aprehensión pendientes por la misma carpeta de investigación en la que se imputa a Takahashi, por el delito de ejercicio ilegal de atribuciones y facultades.
El MP dijo que hacer públicos los nombres de las personas imputadas y con orden de aprehensión en dicha carpeta, entorpecería su captura, motivos que aceptaron la defensa legal de Takahashi y  el Juez de Control.

cg
",
"
Tras la encuesta publicada por EL UNIVERSAL por el primer año de administración de la jefa de Gobierno, Claudia Sheinbaum, donde se hace referencia que llega con un 42% de aprobación, la mandataria local aseguró que tiene otros datos.
“Voy a contestarte como contesta ya sabes quién: yo tengo otros datos. Respeto mucho todas las encuestas, pero realmente tenemos otros datos y se ha ido consolidando el gobierno, como lo mencionamos en el Informe de Gobierno, y vamos a tener todavía un 2020 mucho mejor que el 2019”, comentó.
Al cuestionarle sobre el tema de seguridad que consideraron los encuestados como el principal problema en la capital, Sheinbaum Pardo aseguró que se está elaborando un plan de trabajo para el 2020 en el Gabinete de Seguridad y Justicia, Justicia y Gobierno, en donde lo principal es la disminución del delito.
Lee también: Encuesta: así llega Sheinbaum a su primer año en la CDMX
“Este año fueron 16 millones de personas que disfrutaron de distintos eventos en la Ciudad de México, tuvimos un evento de Radical Mestizo con 180 mil participantes. 
“Es una Ciudad muy viva, aunque a veces se ve el tema del delito, pero la Ciudad tiene toda esta parte de una vivencia permanente de personas que salen a la calle, festivales que es muy importante rescatar y además tuvimos la afluencia histórica de turistas en la Ciudad de México, turistas extranjeros principalmente, entonces vamos a fortalecer nuestra estrategia de seguridad, tenemos una serie de metas muy claras, sabemos qué es lo que le preocupa más a la ciudadanía, pero vamos a seguir trabajando en muchas otras áreas”, dijo.
etp
",
"
En el cuarto que rentaba Luis “N” se escucharon gritos y golpes la mañana del martes; por la noche, cuando el joven regresó, “encontró” muerta a Carmela, su madre, dentro del inmueble ubicado en la Gustavo A. Madero.
Te puede interesar: Mujer descuartizada por su pareja en GAM también era policía
El martes a las 6:30 de la mañana, los habitantes de un edificio ubicado en la colonia La Purísima Ticomán escucharon una pelea. Era la voz de una mujer dentro del número 55 de la calle Plan de Acatempa, que se presume peleaba con otra persona.
Pero a pesar de que los habitantes escucharon la discusión en el interior del departamento 104 del edificio Zacatenco, nadie ahí acudió para ayudar a la víctima o preguntar lo que pasaba.


 Avisó a la dueña

Por la noche, casi a las 11:00, una mujer pidió ayuda de los policías. Ella reportaba que uno de sus inquilinos le informaba que su madre yacía ensangrentada en el interior del cuarto que rentaba.
Por estar cerca de la zona de Zacatenco, son muchos los jóvenes que alquilan recámaras en departamentos compartidos. Era el caso de Luis. Ante la emergencia, agentes acudieron al lugar. Ahí, en una de las habitaciones, se encontraba el cadáver de la mujer, de 56 años.
Su cuerpo, a un costado de la cama, sangraba del cuello. Pero la sangre no sólo cubría el cuerpo de la mujer. Ahí había manchas en las paredes, piso y cama.
Ante los agentes, el hijo declaró que él salió a las 8:00 de la mañana del martes y al regresar a su casa halló a su madre sin vida. Según el joven, es estudiante del IPN y el martes, como todos los días, acudió a clases.
En el lugar se halló una credencial de la mujer con una dirección en el municipio de Boca del Río, Veracruz.
Hasta ayer, el estudiante era el principal sospechoso del crimen, pues dijo que tuvo una discusión con su madre por sus malas calificaciones. Serán los agentes que, ayudados por las cámaras de vigilancia, indaguen cómo ocurrió el homicidio.
",
"
El tuétano es una sustancia que se encuentra en el interior de algunos huesos, se puede distinguir porque es un tejido esponjoso, blando y de un color blanquecino. En otras palabras, es la médula ósea que se encuentra en los huesos.
El tuétano se encuentra sobre todo en los huesos de la columna vertebral, cadera, esternón, muslos y en los huesos del cráneo. Su sabor suele resultar muy rico pero intenso en el paladar.
Se suele cocinar principalmente asado y es utilizado para acompañar varios platillos o como un aperitivo. Ahora que conoces un poco lo que es, a continuación te contaremos los nutrientes que aporta el tuétano a tu cuerpo.
Leer también: Propiedades nutrimentales de las diferentes variedades de harina
Es un alimento rico en grasa pero también contienen vitamina B12, hierro, fósforo, tiamina así como vitamina A y E. Healthline menciona que esta sustancia también es rica en colágeno, un compuesto importante para mantener la elasticidad de la piel.
Además contiene ácido linoleico conjugado, es un tipo de grasa que podría disminuir la inflamación del cuerpo y mejorar el sistema inmunológico.

Todos los nutrientes que le aporta el tuétano a tu cuerpo generan beneficios, te contamos algunos de ellos:
 

Mejora la salud de las articulaciones
El tuétano contienen glucosamina, un compuesto que puede ayudar a reducir los síntomas que se presentan con la osteoartritis ya que puede aliviar el dolor en las articulaciones.
Por si fuera poco, un estudio publicado en la revista de la Ciencia de la Alimentación y la Agricultura menciona que al contener colágeno, también puede ayudar a mejorar la salud de las articulaciones.
 

Mejora el aspecto de la piel
Uno de los nutrientes que contiene el tuétano es el colágeno; éste es un tipo de proteína que es importante para el cuerpo sobre todo porque está relacionado con el cuidado de la piel.
Una investigación publicada en la Biblioteca Nacional de Medicina de Estados Unidos encontró que las mujeres que agregaban a su alimentación productos ricos en colágeno como el tuétano, tenían cambios favorables en su piel como una mejor hidratación y elasticidad.
También se sabe que el colágeno previene el daño en la piel y retrasa la aparición de arrugas en el rostro.

 

Reduce la inflamación
La glicina es una proteína que está presente en el tuétano. Ésta tiene propiedades antiinflamatorias, menciona un estudio publicado en la Biblioteca Nacional de Medicina de Estados Unidos. Adicionalmente, el tuétano contiene ácido linoleico conjugado, que se ha demostrado que también combate la inflamación que pueda presentarse en algunas partes del cuerpo.
Además, otra sustancia que contiene es la adiponectina, una hormona proteica que puede llegar a regular la inflamación.
A pesar de todos los nutrientes, la especialista en nutrición y colaboradora de El Universal, Fernanda Alvarado, comenta que no son suficientes los estudios científicos para respaldar todos los beneficios del tuétano, ya que sigue siendo un alimento rico en grasa. Ella estima que una porcion de 10 gramos equivale a 100 kilocalorías. 
Si se cuenta con enfermedades como diabetes, hipertensión, problemas cardíacos u obesidad, es necesario consultar a un profesonal de la salud antes de incluirlo regularmente en la dieta y cuidar la frecuencia en la que se consume. 

 

Fernanda Alvarado es especialista en nutrición y educadora en diabetes, escribe la sección “Zona Saludable” en el suplemento impreso de Menú de El Universal. Cuenta con estudios de educación continua en nutrición y formación como promotora de salud por parte de la Universidad Iberoamericana. Candidata a maestría en nutrición y dietética con especialidad en nutrición comunitaria.
Blog: http://www.biencomer.com.mx/
YouTube: https://www.youtube.com/c/BienComer

 
",
"Las diputadas panistas Tania Palacios Kuri y Daniela Salgado Márquez urgieron a que exista congruencia por parte de la magistrada morenista Celia Maya para el uso eficiente de los recursos, esto derivado de que ya puede recibir más de 200 mil pesos producto de su prejubilación en el Tribunal Superior de Justicia del Estado de Querétaro (TSJEQ), y de su nuevo cargo dentro de la Comisión Nacional del Agua (Conagua).
Salgado Márquez, argumentó que los políticos deben ser coherentes, lo que no demuestra la, ahora, funcionaria federal al buscar ingresos excesivos.
“Los hechos hablan por sí solos, hay que predicar con el ejemplo, no puedes mantener una línea de austeridad y decir no a la corrupción, no a los abusos por parte de los servidores públicos y, por otro lado, estar recibiendo y cobrando este tipo de cantidades, que son excesivas”, comentó.
Agregó que los diputados deberán discutir sobre ese tema de incongruencia, pero esperará a conocer el expediente para informar el sentido de su voto.
Apuntó que si se rechaza, la magistrada aún tendría oportunidad de solicitar un amparo.
Consideró oportuno que el diputado morenista, Néstor Domínguez Luna, presidente de la Comisión del Trabajo y Previsión Social, analice la pertinencia de modificar la Ley de los Trabajadores del Estado de Querétaro, para evitar que se sigan presentando más jubilaciones con montos elevados.
Palacios Kuri sostuvo que lo único que pueden hacer, como diputadas, es pedir a la magistrada que no busque un monto excesivo.
“Lastima mucho a la gente, nosotros, como representantes populares, lo único que podemos hacer es invitar a la coherencia. Estamos a favor de todas las prácticas y políticas de austeridad, con cierto respeto, también, al manejo del discurso, que vaya de la mano con el ejemplo”, aseguró.
Ya ingresaron los expedientes. Ya se encuentran en la Legislatura local las solicitudes de jubilación de las magistradas, Celia Maya García y Consuelo Rosillo Garfias, confirmó el presidente de la Junta de Coordinación Política, Miguel Ángel Torres Olguín.
Explicó que las interesadas ingresaron los documentos desde la semana pasada, aunque hasta el día de ayer (martes) aún no se remitían a la Comisión de Trabajo y Previsión Social para su análisis y, en su caso, aprobación.
“Coincidimos en que se nos hace sumamente alta la propuesta que se nos envía, pero será un tema que se estará discutiendo en comisión, primero, y después, en el pleno”, precisó.
Indicó que, al igual que ocurrió con ex coordinador de la Usebeq, Jaime Escobedo, las magistradas sí podrían recibir una alta pensión, tras recurrir a un amparo.
“Ustedes saben que muchas de las jubilaciones que hemos aprobado en el Pleno han sido porque son temas de amparo… es un cumplimiento de orden judicial que tenemos que acatar”, finalizó.
",
"

 

El martes de la firma del “adendo” al T-MEC, en medio de la euforia política, las paradas de cuello y la lluvia de elogios que se vivió en Palacio Nacional, hubo un hecho político que casi pasó desapercibido en el evento, pero que no fue menor: por primera vez, en el año y 10 días que lleva este gobierno, los líderes de la oposición en el Senado fueron invitados a un acto con el presidente López Obrador —con quien no se habían reunido ni en público ni en privado— y también por primera vez lo saludaron de mano e intercambiaron palabras, mientras el titular del Ejecutivo les hizo un reconocimiento público a su trabajo legislativo.
 Y es que el presidente andaba tan contento por la firma del añadido al Tratado comercial (“como pollo en mole”, diría un senador) que esta vez no solo tuvo como sus invitados de honor y en primera fila del evento a los senadores opositores, sino que además los invitó a la comida de celebración que, en petit comité, se llevó a cabo después del acto oficial. En el Salón “Rojo” de Palacio Nacional, con apenas unos 20 asistentes, López Obrador festejó lo que llamó en su discurso “un día histórico” para los tres países de América del Norte.
 En la larga mesa que dispusieron en el afrancesado salón de Palacio, al centro, como en la última cena de Miguel Angel, estaba el presidente, a su derecha, Christya Freeland, la viceprimerministra de Canadá cuyo vestido hacía juego con el rojo de las paredes, a la izquierda el representante comercial de Estados Unidos, Robert Lighthizer y al lado de él Jared Kushner, el influyente yerno y consejero de Donald Trump, seguido del embajador Christopher Landau y de la embajadora mexicana Martha Bárcena. Del gabinete por supuesto, el primero era Marcelo Ebrard, seguido de Jesús Seade, Alfonso Romo, Luisa María Alcalde y la secretaria Graciela Márquez.
 Y enfrente del presidente estaban los líderes de la oposición en el Senado, todos: Mauricio Kuri, del PAN, que llegó acompañado de Gustavo Madero y Josefina Vázquez Mota; Miguel Osorio Chong, del PRI, que fue solo; de MC estuvo Clemente Castañeda porque Dante Delgado se disculpó por un tema personal; del PRD, Miguel Angel Mancera, y no podían faltar los aliados del PVEM, Manuel Velasco; del PT, Alejandro González, y del PES, Sasil de León. A la cabeza de los senadores iba el líder de Morena y presidente de la Jucopo, Ricardo Monreal, quien fue el operador de este primer encuentro entre la oposición y el presidente, y que tuvo que convencer a varios senadores que se mostraban reacios a acudir a Palacio por temor a un desaire.
 Cuando terminaron de servir el pescado, la ensalada y los postres, llegó el momento de los brindis y ante la falta de vino, Marcelo Ebrard levantó el vaso con agua de jamaica para agradecer a los visitantes y el esfuerzo por terminar, entre tensiones y diferencias el T-MEC (al que algunos llaman con jiribilla por sus siglas el Tratado de Marcelo Ebrard Casaubon). Después de Ebrard brindó Poncho Romo, que también reconoció a los enviados de Washington y Ottawa y habló de los beneficios para el crecimiento y la inversión que traerá para las tres naciones.
 Tras los brindis, llegó el momento del presidente que, a diferencia de la hora de discurso que aventó en público fue mucho más breve. Contento, casi eufórico, sabedor que ese martes había sido un día redondo para su gobierno —entre el T-MEC y la detención del “hombre fuerte” de su archienemigo y antecesor Felipe Caderón— López Obrador dijo que eran tiempos de “trabajar pensando en México” y tras los reconocimientos y las bienvenidas a los visitantes extranjeros y de dedicarle otra vez palabras muy elogiosas a Jesús Seade, volvió a reconocer “el gran trabajo de los senadores de todos los partidos, que se han portado a la altura de lo que necesita el país, haciendo a un lado las diferencias”.
 Cerca de hora y media duró la comida tras la cual, entre brindis de jamaica, abrazos, elogios y reconocimientos mutuos, el presidente despidió a sus invitados. Lighthizer, Kushner y el embajador Landau partieron juntos; Freeland hizo lo mismo con su embajador Graemer C. Clark, mientras los miembros del gabinete se iban unos por su cuenta y otros acompañaban a López Obrador a su despacho. Los senadores salieron juntos y se subieron a la camioneta Splinter, la misma en la que habían llegado desde el Senado; los opositores iban contentos, pero más de uno comentaba que “por fin” el presidente se había dignado a invitarlos, mientras Ricardo Monreal salía como el concertador que hizo posible un encuentro que tardó más de un año en realizarse.
 [email protected]
",
"
Texto: Carlos Villasana y Ruth Gómez
Fotografía actual: David SánchezDiseño web: Miguel Ángel Garnica
La Ciudad de México está catalogada como una de las urbes más grandes del mundo, cuenta con cinco declaratorias de Patrimonio Cultural de la Humanidad por la UNESCO, cientos de espacios artísticos, culturales y de esparcimiento, decenas de restaurantes que ofrecen la tradicional gastronomía mexicana y otros tantos que innovan con ella.
Al inicio y al final del día, residentes y quienes vienen a trabajar en ella logran cruzarla en cuestión de minutos; sin embargo, en horas pico la capital mexicana se vuelve interminable tanto en automóvil particular como en transporte público, pero ¿cuál es el punto donde nació lo que hoy conocemos como la Ciudad de México?
El cronista y compañero de esta casa editorial, Héctor de Mauleón, escribió que desde la “esquina de Argentina y Guatemala, (Alonso) García Bravo construyó el escenario de nuestras vidas y se desconoce, incluso, la fecha de su muerte”.
De acuerdo a un pequeño texto de Luis Javier Cuesta Hernández en la página oficial de la Real Academia de la Historia de España, Alonso García Bravo -nacido en La Rivera, Asturias- se unió a las tropas de Hernán Cortés en Veracruz y una vez consumada la caída de Tenochtitlán fue solicitado por el conquistador para que pudiera trazar la distribución de la nueva ciudad española sobre las ruinas de la mexica: “Así lo confirma un testigo de dicha información, Melchor Suárez: “Acabada de ganar esta ciudad de México lo conoció y vio en esta ciudad andalla trazando para hazer las calles e placas”.

Compara el antes y después deslizando la barra central
(clic aquí para ver más grande)


En junio de este año, durante el Quinto Coloquio de Arqueología Histórica -que se llevó a cabo en el Castillo de Chapultepec-, el historiador Luis Gerardo Huitrón señaló que García Bravo “formó bloques, los cuales se fragmentaron de manera diferente debido a la presencia de los edificios prehispánicos, a las calles ya estipuladas y al curso de los canales que cada uno contenía. El resultado fue una traza hispana ordenada que coexistió con algunos elementos que sobrevivieron de la antigua ciudad mexica, entre ellos, el Templo Mayor, en demolición todavía hasta 1541 (...) consiguió una traza reticulada casi perfecta, en forma de ajedrez o damero, para la naciente capital del virreinato de la Nueva España.”
El historiador identificó tres elementos clave para que Alonso García Bravo pudiera cumplir con la encomienda que le dio Hernán Cortés: tener siempre en cuenta las calzadas, las acequias y el Templo Mayor. Las primeras dos ya que sobre la tierra firme que bordeaban a los cuerpos de agua, se debían de construir las casas y comercios, sin que los pudiera afectar el paso de los canales.
Sobre el Templo Mayor, debía de prestar atención a sus dimensiones para que su amplitud no dificultara -o lo hicieran en lo menos posible- la distribución de predios y, al mismo tiempo, ir proyectando hacia qué construcciones del esquema básico de ciudad europea iría todo el material proveniente de su demolición.
En la página oficial del INAH se encuentra esta ilustración de “la zona devastada tras la caída de Tenochtitlan, el 13 de agosto de 1521, más de 170 hectáreas equivalentes a una cuarta parte de la otrora capital mexica”. 
Después de haber trazado el primer mapa, Alonso García Bravo tuvo otras encomiendas por parte de Hernán Cortés -como hacer la traza de la ciudad de Oaxaca o idear cómo sería su casa en Coyoacán- mientras tanto, y como proceso natural de toda ciudad, la traza original de la Ciudad de México se fue modificando con el paso de los años, sobre el primer “Kilómetro Cero” de la capital se construyeron viviendas y para finales de la década de 1970, algunos de los templos que los conquistadores se habían esforzado tanto en ocultar volvieron a emerger del suelo para integrarse a la vida de la capital y de la República, tal fue el caso de los restos del Templo Mayor, hoy  Museo del Templo Mayor.
La esquina de República Argentina y República de Guatemala, antes llamadas Rélox y Santa Teresa, en una fotografía de 1978, poco antes de que los edificios del lado derecho fueran demolidos por las excavaciones del Templo Mayor de Tenochtitlan. Entre ellos se aprecia en la esquina el de la Antigua Librería Robredo. A la izquierda está la hornacina de la Casa de las Ajaracas, que se derrumbó parcialmente en 1994. Colección Villasana - Torres.
Así lucía la “Casa de las Ajaracas” a inicios de los años noventa del siglo pasado, en la actualidad esa parte de la casa ya no existe. Crédito: María Molinero.
Alejado del punto donde nació la Ciudad de México, en el actual corazón comercial del Centro Histórico, se encuentra la Plaza Alonso García Bravo, que tiene una escultura alusiva a este personaje que no sólo trazó la capital, sino también Veracruz y Oaxaca.
En un pequeño sondeo en el que preguntamos a los transeúntes si sabían quién era el hombre que llevaba en sus manos un mapa o si habían escuchado sobre el kilómetro cero de la capital, se respondió a este diario que, sobre la escultura ""hay muchas esculturas en la Ciudad que no se sabe quiénes son"" y que sobre lo segundo: ""es donde se hacen las mediciones de las carreteras ¿no?"".
Plaza Alonso García Bravo, entre las calles de Manzanares y Talavera, en el Centro de la Capital. 

Y retomando lo escrito por Héctor de Mauleón, a la par de que García Bravo construyó desde la “esquina de Argentina y Guatemala, (...) el escenario de nuestras vidas"", nos dio la posibilidad de conocer, a través de pinturas y grabados de la época, la unión de dos cosmovisiones del centro de una ciudad que sigue viviendo entre las voces de los merolicos, el sonido de los tambores acompañados de danza “prehispánica” a un costado de la Catedral y, cuando está despejado, podemos seguir observando los cerros y volcanes que desde siempre han coronado el horizonte de la capital.

La fotografía principal y comparativa antigua es la esquina de República de Guatemala y República Argentina en la década de los setenta. A la derecha se aprecia la Casa del Mayorazgo Nava Chávez, más conocida como la ""Casa de las Ajaracas"", que se remonta al siglo XVIII y hoy perdura parcialmente; el entorno se transformó con el rescate del Templo Mayor a finales de los setenta. Crédito: Museo Archivo de la Fotografía.

Fotografía antigua: Colección Villasana - Torres.Fuentes: Artículo Revelan cómo se definió la primera traza de la ciudad novohispana, tras la caída de Tenochtitlan de la página web oficial del Instituto Nacional de Antropología e Historia. Artículo Alonso García Bravo de la página web oficial de la Real Academia de la Historia de España. Artículo Alonso García Bravo, trazador y alarife de la Villa de Antequera de Jorge Fernando Iturribarria.
                                         
 
",
